StageIndex,WaveIndex,SpawnInterval,OnceSpawnCount,MonsterId,EliteId,BossId,EliteSpawnTime,AtkRate,HpRate,EliteAtkRate,EliteHpRate,RemainsTime,WaveType,nonDropRate,BlueGemDropRate,GreenGemDropRate,PurpleGemDropRate,RedGemDropRate,EliteAndBossClearDropItemId,EliteAndBossClearDropItemAmount,WaveClearRewardItemId,WaveClearRewardItemAmount,BossClearRewardId,BossClearRewardMinAmount,BossClearRewardMaxAmount,BossClearRewardProb,~스테이지 번호,~보상 정리,~골드 보상,~개수 1,~경험치,~개수 2
1,1,2,5,202004,,,,1,1,1,1,20,Normal,0,0.82,0.15,0.03,0,,,50001&50004,8&10,,,,,1,골드 8개 / Exp 10,50001,8,50004,10
1,2,2,9,202004,,,,1.05,1.7,1,1,20,Normal,0,0.82,0.15,0.03,0,,,50001&50004,16&20,,,,,1,골드 16개 / Exp 20,50001,16,50004,20
1,3,2,7,202004,,,,1.1,2.4,1,1,20,Normal,0,0.82,0.15,0.03,0,,,50001&50004,24&30,,,,,1,골드 24개 / Exp 30,50001,24,50004,30
1,4,2,10,202004,,,,1.15,3.1,1,1,20,Normal,0,0.82,0.15,0.03,0,,,50001&50004,32&40,,,,,1,골드 32개 / Exp 40,50001,32,50004,40
1,5,2,13,202004,202005,,10,1.2,3.8,1.1,1.1,20,Normal,0,0.82,0.15,0.03,0,60007,1,50001&50004,40&50,,,,,1,골드 40개 / Exp 50,50001,40,50004,50
1,6,2,7,202004,,,,1.25,4.5,1,1,20,Normal,0,0.82,0.15,0.03,0,,,50001&50004,48&60,,,,,1,골드 48개 / Exp 60,50001,48,50004,60
1,7,2,16,202004&202007,,,,1.3,5.2,1,1,20,Normal,0,0.82,0.15,0.03,0,,,50001&50004,56&70,,,,,1,골드 56개 / Exp 70,50001,56,50004,70
1,8,2,14,202004&202007,,,,1.35,5.9,1,1,20,Normal,0,0.82,0.15,0.03,0,,,50001&50004,64&80,,,,,1,골드 64개 / Exp 80,50001,64,50004,80
1,9,2,7,202007,,,,1.4,6.6,1,1,20,Normal,0,0.82,0.15,0.03,0,,,50001&50004,72&90,,,,,,골드 72개 / Exp 90,50001,72,50004,90
1,10,2,18,202004,202005,,10,1.45,7.3,1.2,1.5,20,Normal,0,0.82,0.15,0.03,0,60007,1,50001&50004,80&100,,,,,1,골드 80개 / Exp 100,50001,80,50004,100
1,11,2,13,202004,,,,1.5,8,1,1,20,Normal,0,0.6,0.3,0.08,0.02,,,50001&50004,88&110,,,,,1,골드 88개 / Exp 110,50001,88,50004,110
1,12,2,10,202004,,,,1.55,8.7,1,1,20,Normal,0,0.6,0.3,0.08,0.02,,,50001&50004,96&120,,,,,1,골드 96개 / Exp 120,50001,96,50004,120
1,13,2,18,202004,,,,1.6,9.4,1,1,20,Normal,0,0.6,0.3,0.08,0.02,,,50001&50004,104&130,,,,,1,골드 104개 / Exp 130,50001,104,50004,130
1,14,2,21,202004,,,,1.65,10.1,1,1,20,Normal,0,0.6,0.3,0.08,0.02,,,50001&50004,112&140,,,,,1,골드 112개 / Exp 140,50001,112,50004,140
1,15,2,21,202004,,,,1.7,10.1,1,1,20,Normal,0,0.6,0.3,0.08,0.02,,,50001&50004,112&140,,,,,1,골드 112개 / Exp 140,50001,112,50004,140
1,16,2,10,,,202006,,2,10,1,1,300,Boss,0,0.6,0.3,0.08,0.02,60002&60007,1&2,50001&50004,120&150,,,,,1,골드 120개 / Exp 150,50001,120,50004,150
1,17,2,21,202004,,,,1.7,10.8,1,1,20,Normal,0,0.6,0.3,0.08,0.02,,,50001&50004,128&160,,,,,1,골드 128개 / Exp 160,50001,128,50004,160
1,18,2,43,202004,,,,2.05,11.5,1,1,20,Normal,0,0.6,0.3,0.08,0.02,,,50001&50004,136&170,,,,,1,골드 136개 / Exp 170,50001,136,50004,170
1,19,2,11,202004,,,,1.75,12.2,1,1,20,Normal,0,0.6,0.3,0.08,0.02,,,50001&50004,144&180,,,,,1,골드 144개 / Exp 180,50001,144,50004,180
1,20,2,40,202004,,,,2.1,12.9,1,1,20,Normal,0,0.6,0.3,0.08,0.02,,,50001&50004,152&190,,,,,1,골드 152개 / Exp 190,50001,152,50004,190
1,21,2,34,202004,202005,,10,1.8,13.6,1.4,2,20,Normal,0,0.6,0.3,0.08,0.02,60007,1,50001&50004,160&200,,,,,1,골드 160개 / Exp 200,50001,160,50004,200
1,22,2,21,202004,,,,2.15,14.3,1,1,20,Normal,0,0.6,0.3,0.08,0.02,,,50001&50004,168&210,,,,,1,골드 168개 / Exp 210,50001,168,50004,210
1,23,2,29,202004&202007,,,,1.85,15,1,1,20,Normal,0,0.6,0.3,0.08,0.02,,,50001&50004,176&220,,,,,1,골드 176개 / Exp 220,50001,176,50004,220
1,24,2,30,202004&202007,,,,2.2,16,1,1,20,Normal,0,0.6,0.3,0.08,0.02,,,50001&50004,184&230,,,,,1,골드 184개 / Exp 230,50001,184,50004,230
1,25,2,24,202007,,,,1.9,17,1,1,20,Normal,0,0.6,0.3,0.08,0.02,,,50001&50004,192&240,,,,,1,골드 192개 / Exp 240,50001,192,50004,240
1,26,2,66,202004,202005,,10,2.25,18,1.6,2.5,20,Normal,0,0.6,0.3,0.08,0.02,60007,1,50001&50004,200&250,,,,,1,골드 200개 / Exp 250,50001,200,50004,250
1,27,2,66,202004,,,,1.95,19,1,1,20,Normal,0,0.6,0.3,0.08,0.02,,,50001&50004,208&260,,,,,1,골드 208개 / Exp 260,50001,208,50004,260
1,28,2,22,202004,,,,2.3,20,1,1,20,Normal,0,0.6,0.3,0.08,0.02,,,50001&50004,216&270,,,,,1,골드 216개 / Exp 270,50001,216,50004,270
1,29,2,61,202004,,,,2,21,1,1,20,Normal,0,0.6,0.3,0.08,0.02,,,50001&50004,224&280,,,,,1,골드 224개 / Exp 280,50001,224,50004,280
1,30,2,50,202004,,,,2.35,22,1,1,20,Normal,0,0.6,0.3,0.08,0.02,,,50001&50004,232&290,,,,,1,골드 232개 / Exp 290,50001,232,50004,290
1,31,2,50,202004,,,,2.05,22,1,1,20,Normal,0,0.6,0.3,0.08,0.02,,,50001&50004,232&290,,,,,1,골드 232개 / Exp 290,50001,232,50004,290
1,32,2,32,,,202009,,2,20,1,1,300,Boss,0,0.6,0.3,0.08,0.02,,,50001&50004,240&300,,,,,1,골드 240개 / Exp 300,50001,240,50004,300
2,1,2,5,202007,,,,1.3,1.3,1.3,1.7,20,Normal,0,0.82,0.15,0.03,0,,,50001&50004,28&20,,,,,2,골드 28개 / Exp 20,50001,28,50004,20
2,2,2,9,202007,,,,1.35,2.21,1.3,1.7,20,Normal,0,0.82,0.15,0.03,0,,,50001&50004,36&30,,,,,1,골드 36개 / Exp 30,50001,36,50004,30
2,3,2,7,202007,,,,1.4,3.12,1.3,1.7,20,Normal,0,0.82,0.15,0.03,0,,,50001&50004,44&40,,,,,1,골드 44개 / Exp 40,50001,44,50004,40
2,4,2,10,202007,,,,1.45,4.03,1.3,1.7,20,Normal,0,0.82,0.15,0.03,0,,,50001&50004,52&50,,,,,1,골드 52개 / Exp 50,50001,52,50004,50
2,5,2,13,202007,202008,,10,1.5,4.94,1.4,1.8,20,Normal,0,0.82,0.15,0.03,0,60007,1,50001&50004,60&60,,,,,1,골드 60개 / Exp 60,50001,60,50004,60
2,6,2,7,202007,,,,1.55,5.85,1.3,1.7,20,Normal,0,0.82,0.15,0.03,0,,,50001&50004,68&70,,,,,2,골드 68개 / Exp 70,50001,68,50004,70
2,7,2,16,202007&202010,,,,1.6,6.76,1.3,1.7,20,Normal,0,0.82,0.15,0.03,0,,,50001&50004,76&80,,,,,2,골드 76개 / Exp 80,50001,76,50004,80
2,8,2,14,202007&202010,,,,1.65,7.67,1.3,1.7,20,Normal,0,0.82,0.15,0.03,0,,,50001&50004,84&90,,,,,2,골드 84개 / Exp 90,50001,84,50004,90
2,9,2,7,202010,,,,1.7,8.58,1.3,1.7,20,Normal,0,0.82,0.15,0.03,0,,,50001&50004,92&100,,,,,,골드 92개 / Exp 100,50001,92,50004,100
2,10,2,18,202007,202008,,10,1.75,9.49,1.5,2.2,20,Normal,0,0.82,0.15,0.03,0,60007,1,50001&50004,100&110,,,,,2,골드 100개 / Exp 110,50001,100,50004,110
2,11,2,13,202007,,,,1.8,10.4,1.3,1.7,20,Normal,0,0.6,0.3,0.08,0.02,,,50001&50004,108&120,,,,,2,골드 108개 / Exp 120,50001,108,50004,120
2,12,2,10,202007,,,,1.85,11.31,1.3,1.7,20,Normal,0,0.6,0.3,0.08,0.02,,,50001&50004,116&130,,,,,2,골드 116개 / Exp 130,50001,116,50004,130
2,13,2,18,202007,,,,1.9,12.22,1.3,1.7,20,Normal,0,0.6,0.3,0.08,0.02,,,50001&50004,124&140,,,,,2,골드 124개 / Exp 140,50001,124,50004,140
2,14,2,21,202007,,,,1.95,13.13,1.3,1.7,20,Normal,0,0.6,0.3,0.08,0.02,,,50001&50004,132&150,,,,,2,골드 132개 / Exp 150,50001,132,50004,150
2,15,2,21,202007,,,,2,13.13,1.3,1.7,20,Normal,0,0.6,0.3,0.08,0.02,,,50001&50004,132&150,,,,,2,골드 132개 / Exp 150,50001,132,50004,150
2,16,2,10,,,202009,,2.3,13,1.3,1.7,300,Boss,0,0.6,0.3,0.08,0.02,60002&60007,1&2,50001&50004,140&160,,,,,2,골드 140개 / Exp 160,50001,140,50004,160
2,17,2,21,202007,,,,2,14.04,1.3,1.7,20,Normal,0,0.6,0.3,0.08,0.02,,,50001&50004,148&170,,,,,2,골드 148개 / Exp 170,50001,148,50004,170
2,18,2,43,202007,,,,2.35,14.95,1.3,1.7,20,Normal,0,0.6,0.3,0.08,0.02,,,50001&50004,156&180,,,,,2,골드 156개 / Exp 180,50001,156,50004,180
2,19,2,11,202007,,,,2.05,15.86,1.3,1.7,20,Normal,0,0.6,0.3,0.08,0.02,,,50001&50004,164&190,,,,,2,골드 164개 / Exp 190,50001,164,50004,190
2,20,2,40,202007,,,,2.4,16.77,1.3,1.7,20,Normal,0,0.6,0.3,0.08,0.02,,,50001&50004,172&200,,,,,2,골드 172개 / Exp 200,50001,172,50004,200
2,21,2,34,202007,202008,,10,2.1,17.68,1.7,2.7,20,Normal,0,0.6,0.3,0.08,0.02,60007,1,50001&50004,180&210,,,,,2,골드 180개 / Exp 210,50001,180,50004,210
2,22,2,21,202007,,,,2.45,18.59,1.3,1.7,20,Normal,0,0.6,0.3,0.08,0.02,,,50001&50004,188&220,,,,,2,골드 188개 / Exp 220,50001,188,50004,220
2,23,2,29,202007&202010,,,,2.15,19.5,1.3,1.7,20,Normal,0,0.6,0.3,0.08,0.02,,,50001&50004,196&230,,,,,2,골드 196개 / Exp 230,50001,196,50004,230
2,24,2,30,202007&202010,,,,2.5,20.8,1.3,1.7,20,Normal,0,0.6,0.3,0.08,0.02,,,50001&50004,204&240,,,,,2,골드 204개 / Exp 240,50001,204,50004,240
2,25,2,24,202010,,,,2.2,22.1,1.3,1.7,20,Normal,0,0.6,0.3,0.08,0.02,,,50001&50004,212&250,,,,,2,골드 212개 / Exp 250,50001,212,50004,250
2,26,2,66,202007,202008,,10,2.55,23.4,1.9,3.2,20,Normal,0,0.6,0.3,0.08,0.02,60007,1,50001&50004,220&260,,,,,2,골드 220개 / Exp 260,50001,220,50004,260
2,27,2,66,202007,,,,2.25,24.7,1.3,1.7,20,Normal,0,0.6,0.3,0.08,0.02,,,50001&50004,228&270,,,,,2,골드 228개 / Exp 270,50001,228,50004,270
2,28,2,22,202007,,,,2.6,26,1.3,1.7,20,Normal,0,0.6,0.3,0.08,0.02,,,50001&50004,236&280,,,,,2,골드 236개 / Exp 280,50001,236,50004,280
2,29,2,61,202007,,,,2.3,27.3,1.3,1.7,20,Normal,0,0.6,0.3,0.08,0.02,,,50001&50004,244&290,,,,,2,골드 244개 / Exp 290,50001,244,50004,290
2,30,2,50,202007,,,,2.65,28.6,1.3,1.7,20,Normal,0,0.6,0.3,0.08,0.02,,,50001&50004,252&300,,,,,2,골드 252개 / Exp 300,50001,252,50004,300
2,31,2,50,202007,,,,2.35,28.6,1.3,1.7,20,Normal,0,0.6,0.3,0.08,0.02,,,50001&50004,252&300,,,,,2,골드 252개 / Exp 300,50001,252,50004,300
2,32,2,32,,,202012,,2.3,23,1.3,1.7,300,Boss,0,0.6,0.3,0.08,0.02,,,50001&50004,260&310,,,,,2,골드 260개 / Exp 310,50001,260,50004,310
3,1,2,5,202010,,,,1.6,1.69,1.6,2.4,20,Normal,0,0.82,0.15,0.03,0,,,50001&50004,48&30,,,,,3,골드 48개 / Exp 30,50001,48,50004,30
3,2,2,9,202010,,,,1.65,2.87,1.6,2.4,20,Normal,0,0.82,0.15,0.03,0,,,50001&50004,56&40,,,,,1,골드 56개 / Exp 40,50001,56,50004,40
3,3,2,7,202010,,,,1.7,4.06,1.6,2.4,20,Normal,0,0.82,0.15,0.03,0,,,50001&50004,64&50,,,,,1,골드 64개 / Exp 50,50001,64,50004,50
3,4,2,10,202010,,,,1.75,5.24,1.6,2.4,20,Normal,0,0.82,0.15,0.03,0,,,50001&50004,72&60,,,,,1,골드 72개 / Exp 60,50001,72,50004,60
3,5,2,13,202010,202011,,10,1.8,6.42,1.7,2.5,20,Normal,0,0.82,0.15,0.03,0,60007,1,50001&50004,80&70,,,,,1,골드 80개 / Exp 70,50001,80,50004,70
3,6,2,7,202010,,,,1.85,7.61,1.6,2.4,20,Normal,0,0.82,0.15,0.03,0,,,50001&50004,88&80,,,,,3,골드 88개 / Exp 80,50001,88,50004,80
3,7,2,16,202010&202013,,,,1.9,8.79,1.6,2.4,20,Normal,0,0.82,0.15,0.03,0,,,50001&50004,96&90,,,,,3,골드 96개 / Exp 90,50001,96,50004,90
3,8,2,14,202010&202013,,,,1.95,9.97,1.6,2.4,20,Normal,0,0.82,0.15,0.03,0,,,50001&50004,104&100,,,,,3,골드 104개 / Exp 100,50001,104,50004,100
3,9,2,7,202013,,,,2,11.15,1.6,2.4,20,Normal,0,0.82,0.15,0.03,0,,,50001&50004,112&110,,,,,,골드 112개 / Exp 110,50001,112,50004,110
3,10,2,18,202010,202011,,10,2.05,12.34,1.8,2.9,20,Normal,0,0.82,0.15,0.03,0,60007,1,50001&50004,120&120,,,,,3,골드 120개 / Exp 120,50001,120,50004,120
3,11,2,13,202010,,,,2.1,13.52,1.6,2.4,20,Normal,0,0.6,0.3,0.08,0.02,,,50001&50004,128&130,,,,,3,골드 128개 / Exp 130,50001,128,50004,130
3,12,2,10,202010,,,,2.15,14.7,1.6,2.4,20,Normal,0,0.6,0.3,0.08,0.02,,,50001&50004,136&140,,,,,3,골드 136개 / Exp 140,50001,136,50004,140
3,13,2,18,202010,,,,2.2,15.89,1.6,2.4,20,Normal,0,0.6,0.3,0.08,0.02,,,50001&50004,144&150,,,,,3,골드 144개 / Exp 150,50001,144,50004,150
3,14,2,21,202010,,,,2.25,17.07,1.6,2.4,20,Normal,0,0.6,0.3,0.08,0.02,,,50001&50004,152&160,,,,,3,골드 152개 / Exp 160,50001,152,50004,160
3,15,2,21,202010,,,,2.3,17.07,1.6,2.4,20,Normal,0,0.6,0.3,0.08,0.02,,,50001&50004,152&160,,,,,3,골드 152개 / Exp 160,50001,152,50004,160
3,16,2,10,,,202012,,2.6,17,1.6,2.4,300,Boss,0,0.6,0.3,0.08,0.02,60002&60007,1&2,50001&50004,160&170,,,,,3,골드 160개 / Exp 170,50001,160,50004,170
3,17,2,21,202010,,,,2.3,18.25,1.6,2.4,20,Normal,0,0.6,0.3,0.08,0.02,,,50001&50004,168&180,,,,,3,골드 168개 / Exp 180,50001,168,50004,180
3,18,2,43,202010,,,,2.65,19.44,1.6,2.4,20,Normal,0,0.6,0.3,0.08,0.02,,,50001&50004,176&190,,,,,3,골드 176개 / Exp 190,50001,176,50004,190
3,19,2,11,202010,,,,2.35,20.62,1.6,2.4,20,Normal,0,0.6,0.3,0.08,0.02,,,50001&50004,184&200,,,,,3,골드 184개 / Exp 200,50001,184,50004,200
3,20,2,40,202010,,,,2.7,21.8,1.6,2.4,20,Normal,0,0.6,0.3,0.08,0.02,,,50001&50004,192&210,,,,,3,골드 192개 / Exp 210,50001,192,50004,210
3,21,2,34,202010,202011,,10,2.4,22.98,2,3.4,20,Normal,0,0.6,0.3,0.08,0.02,60007,1,50001&50004,200&220,,,,,3,골드 200개 / Exp 220,50001,200,50004,220
3,22,2,21,202010,,,,2.75,24.17,1.6,2.4,20,Normal,0,0.6,0.3,0.08,0.02,,,50001&50004,208&230,,,,,3,골드 208개 / Exp 230,50001,208,50004,230
3,23,2,29,202010&202013,,,,2.45,25.35,1.6,2.4,20,Normal,0,0.6,0.3,0.08,0.02,,,50001&50004,216&240,,,,,3,골드 216개 / Exp 240,50001,216,50004,240
3,24,2,30,202010&202013,,,,2.8,27.04,1.6,2.4,20,Normal,0,0.6,0.3,0.08,0.02,,,50001&50004,224&250,,,,,3,골드 224개 / Exp 250,50001,224,50004,250
3,25,2,24,202013,,,,2.5,28.73,1.6,2.4,20,Normal,0,0.6,0.3,0.08,0.02,,,50001&50004,232&260,,,,,3,골드 232개 / Exp 260,50001,232,50004,260
3,26,2,66,202010,202011,,10,2.85,30.42,2.2,3.9,20,Normal,0,0.6,0.3,0.08,0.02,60007,1,50001&50004,240&270,,,,,3,골드 240개 / Exp 270,50001,240,50004,270
3,27,2,66,202010,,,,2.55,32.11,1.6,2.4,20,Normal,0,0.6,0.3,0.08,0.02,,,50001&50004,248&280,,,,,3,골드 248개 / Exp 280,50001,248,50004,280
3,28,2,22,202010,,,,2.9,33.8,1.6,2.4,20,Normal,0,0.6,0.3,0.08,0.02,,,50001&50004,256&290,,,,,3,골드 256개 / Exp 290,50001,256,50004,290
3,29,2,61,202010,,,,2.6,35.49,1.6,2.4,20,Normal,0,0.6,0.3,0.08,0.02,,,50001&50004,264&300,,,,,3,골드 264개 / Exp 300,50001,264,50004,300
3,30,2,50,202010,,,,2.95,37.18,1.6,2.4,20,Normal,0,0.6,0.3,0.08,0.02,,,50001&50004,272&310,,,,,3,골드 272개 / Exp 310,50001,272,50004,310
3,31,2,50,202010,,,,2.65,37.18,1.6,2.4,20,Normal,0,0.6,0.3,0.08,0.02,,,50001&50004,272&310,,,,,3,골드 272개 / Exp 310,50001,272,50004,310
3,32,2,32,,,202015,,2.6,27,1.6,2.4,300,Boss,0,0.6,0.3,0.08,0.02,,,50001&50004,280&320,,,,,3,골드 280개 / Exp 320,50001,280,50004,320
4,1,2,5,202013,,,,1.9,2.2,1.9,3.1,20,Normal,0,0.82,0.15,0.03,0,,,50001&50004,68&40,,,,,4,골드 68개 / Exp 40,50001,68,50004,40
4,2,2,9,202013,,,,1.95,3.73,1.9,3.1,20,Normal,0,0.82,0.15,0.03,0,,,50001&50004,76&50,,,,,1,골드 76개 / Exp 50,50001,76,50004,50
4,3,2,7,202013,,,,2,5.28,1.9,3.1,20,Normal,0,0.82,0.15,0.03,0,,,50001&50004,84&60,,,,,1,골드 84개 / Exp 60,50001,84,50004,60
4,4,2,10,202013,,,,2.05,6.81,1.9,3.1,20,Normal,0,0.82,0.15,0.03,0,,,50001&50004,92&70,,,,,1,골드 92개 / Exp 70,50001,92,50004,70
4,5,2,13,202013,202014,,10,2.1,8.35,2,3.2,20,Normal,0,0.82,0.15,0.03,0,60007,1,50001&50004,100&80,,,,,1,골드 100개 / Exp 80,50001,100,50004,80
4,6,2,7,202013,,,,2.15,9.89,1.9,3.1,20,Normal,0,0.82,0.15,0.03,0,,,50001&50004,108&90,,,,,4,골드 108개 / Exp 90,50001,108,50004,90
4,7,2,16,202013&202016,,,,2.2,11.43,1.9,3.1,20,Normal,0,0.82,0.15,0.03,0,,,50001&50004,116&100,,,,,4,골드 116개 / Exp 100,50001,116,50004,100
4,8,2,14,202013&202016,,,,2.25,12.96,1.9,3.1,20,Normal,0,0.82,0.15,0.03,0,,,50001&50004,124&110,,,,,4,골드 124개 / Exp 110,50001,124,50004,110
4,9,2,7,202016,,,,2.3,14.5,1.9,3.1,20,Normal,0,0.82,0.15,0.03,0,,,50001&50004,132&120,,,,,,골드 132개 / Exp 120,50001,132,50004,120
4,10,2,18,202013,202014,,10,2.35,16.04,2.1,3.6,20,Normal,0,0.82,0.15,0.03,0,60007,1,50001&50004,140&130,,,,,4,골드 140개 / Exp 130,50001,140,50004,130
4,11,2,13,202013,,,,2.4,17.58,1.9,3.1,20,Normal,0,0.6,0.3,0.08,0.02,,,50001&50004,148&140,,,,,4,골드 148개 / Exp 140,50001,148,50004,140
4,12,2,10,202013,,,,2.45,19.11,1.9,3.1,20,Normal,0,0.6,0.3,0.08,0.02,,,50001&50004,156&150,,,,,4,골드 156개 / Exp 150,50001,156,50004,150
4,13,2,18,202013,,,,2.5,20.66,1.9,3.1,20,Normal,0,0.6,0.3,0.08,0.02,,,50001&50004,164&160,,,,,4,골드 164개 / Exp 160,50001,164,50004,160
4,14,2,21,202013,,,,2.55,22.19,1.9,3.1,20,Normal,0,0.6,0.3,0.08,0.02,,,50001&50004,172&170,,,,,4,골드 172개 / Exp 170,50001,172,50004,170
4,15,2,21,202013,,,,2.6,22.19,1.9,3.1,20,Normal,0,0.6,0.3,0.08,0.02,,,50001&50004,172&170,,,,,4,골드 172개 / Exp 170,50001,172,50004,170
4,16,2,10,,,202015,,2.9,22,1.9,3.1,300,Boss,0,0.6,0.3,0.08,0.02,60002&60007,1&2,50001&50004,180&180,,,,,4,골드 180개 / Exp 180,50001,180,50004,180
4,17,2,21,202013,,,,2.6,23.73,1.9,3.1,20,Normal,0,0.6,0.3,0.08,0.02,,,50001&50004,188&190,,,,,4,골드 188개 / Exp 190,50001,188,50004,190
4,18,2,43,202013,,,,2.95,25.27,1.9,3.1,20,Normal,0,0.6,0.3,0.08,0.02,,,50001&50004,196&200,,,,,4,골드 196개 / Exp 200,50001,196,50004,200
4,19,2,11,202013,,,,2.65,26.81,1.9,3.1,20,Normal,0,0.6,0.3,0.08,0.02,,,50001&50004,204&210,,,,,4,골드 204개 / Exp 210,50001,204,50004,210
4,20,2,40,202013,,,,3,28.34,1.9,3.1,20,Normal,0,0.6,0.3,0.08,0.02,,,50001&50004,212&220,,,,,4,골드 212개 / Exp 220,50001,212,50004,220
4,21,2,34,202013,202014,,10,2.7,29.87,2.3,4.1,20,Normal,0,0.6,0.3,0.08,0.02,60007,1,50001&50004,220&230,,,,,4,골드 220개 / Exp 230,50001,220,50004,230
4,22,2,21,202013,,,,3.05,31.42,1.9,3.1,20,Normal,0,0.6,0.3,0.08,0.02,,,50001&50004,228&240,,,,,4,골드 228개 / Exp 240,50001,228,50004,240
4,23,2,29,202013&202016,,,,2.75,32.96,1.9,3.1,20,Normal,0,0.6,0.3,0.08,0.02,,,50001&50004,236&250,,,,,4,골드 236개 / Exp 250,50001,236,50004,250
4,24,2,30,202013&202016,,,,3.1,35.15,1.9,3.1,20,Normal,0,0.6,0.3,0.08,0.02,,,50001&50004,244&260,,,,,4,골드 244개 / Exp 260,50001,244,50004,260
4,25,2,24,202016,,,,2.8,37.35,1.9,3.1,20,Normal,0,0.6,0.3,0.08,0.02,,,50001&50004,252&270,,,,,4,골드 252개 / Exp 270,50001,252,50004,270
4,26,2,66,202013,202014,,10,3.15,39.55,2.5,4.6,20,Normal,0,0.6,0.3,0.08,0.02,60007,1,50001&50004,260&280,,,,,4,골드 260개 / Exp 280,50001,260,50004,280
4,27,2,66,202013,,,,2.85,41.74,1.9,3.1,20,Normal,0,0.6,0.3,0.08,0.02,,,50001&50004,268&290,,,,,4,골드 268개 / Exp 290,50001,268,50004,290
4,28,2,22,202013,,,,3.2,43.94,1.9,3.1,20,Normal,0,0.6,0.3,0.08,0.02,,,50001&50004,276&300,,,,,4,골드 276개 / Exp 300,50001,276,50004,300
4,29,2,61,202013,,,,2.9,46.14,1.9,3.1,20,Normal,0,0.6,0.3,0.08,0.02,,,50001&50004,284&310,,,,,4,골드 284개 / Exp 310,50001,284,50004,310
4,30,2,50,202013,,,,3.25,48.33,1.9,3.1,20,Normal,0,0.6,0.3,0.08,0.02,,,50001&50004,292&320,,,,,4,골드 292개 / Exp 320,50001,292,50004,320
4,31,2,50,202013,,,,2.95,48.33,1.9,3.1,20,Normal,0,0.6,0.3,0.08,0.02,,,50001&50004,292&320,,,,,4,골드 292개 / Exp 320,50001,292,50004,320
4,32,2,32,,,202018,,2.9,32,1.9,3.1,300,Boss,0,0.6,0.3,0.08,0.02,,,50001&50004,300&330,,,,,4,골드 300개 / Exp 330,50001,300,50004,330
5,1,2,5,202016,,,,2.2,2.86,2.2,3.8,20,Normal,0,0.82,0.15,0.03,0,,,50001&50004,88&50,,,,,5,골드 88개 / Exp 50,50001,88,50004,50
5,2,2,9,202016,,,,2.25,4.85,2.2,3.8,20,Normal,0,0.82,0.15,0.03,0,,,50001&50004,96&60,,,,,1,골드 96개 / Exp 60,50001,96,50004,60
5,3,2,7,202016,,,,2.3,6.86,2.2,3.8,20,Normal,0,0.82,0.15,0.03,0,,,50001&50004,104&70,,,,,1,골드 104개 / Exp 70,50001,104,50004,70
5,4,2,10,202016,,,,2.35,8.85,2.2,3.8,20,Normal,0,0.82,0.15,0.03,0,,,50001&50004,112&80,,,,,1,골드 112개 / Exp 80,50001,112,50004,80
5,5,2,13,202016,202017,,10,2.4,10.86,2.3,3.9,20,Normal,0,0.82,0.15,0.03,0,60007,1,50001&50004,120&90,,,,,1,골드 120개 / Exp 90,50001,120,50004,90
5,6,2,7,202016,,,,2.45,12.86,2.2,3.8,20,Normal,0,0.82,0.15,0.03,0,,,50001&50004,128&100,,,,,5,골드 128개 / Exp 100,50001,128,50004,100
5,7,2,16,202016&202019,,,,2.5,14.86,2.2,3.8,20,Normal,0,0.82,0.15,0.03,0,,,50001&50004,136&110,,,,,5,골드 136개 / Exp 110,50001,136,50004,110
5,8,2,14,202016&202019,,,,2.55,16.85,2.2,3.8,20,Normal,0,0.82,0.15,0.03,0,,,50001&50004,144&120,,,,,5,골드 144개 / Exp 120,50001,144,50004,120
5,9,2,7,202019,,,,2.6,18.85,2.2,3.8,20,Normal,0,0.82,0.15,0.03,0,,,50001&50004,152&130,,,,,,골드 152개 / Exp 130,50001,152,50004,130
5,10,2,18,202016,202017,,10,2.65,20.85,2.4,4.3,20,Normal,0,0.82,0.15,0.03,0,60007,1,50001&50004,160&140,,,,,5,골드 160개 / Exp 140,50001,160,50004,140
5,11,2,13,202016,,,,2.7,22.85,2.2,3.8,20,Normal,0,0.6,0.3,0.08,0.02,,,50001&50004,168&150,,,,,5,골드 168개 / Exp 150,50001,168,50004,150
5,12,2,10,202016,,,,2.75,24.84,2.2,3.8,20,Normal,0,0.6,0.3,0.08,0.02,,,50001&50004,176&160,,,,,5,골드 176개 / Exp 160,50001,176,50004,160
5,13,2,18,202016,,,,2.8,26.86,2.2,3.8,20,Normal,0,0.6,0.3,0.08,0.02,,,50001&50004,184&170,,,,,5,골드 184개 / Exp 170,50001,184,50004,170
5,14,2,21,202016,,,,2.85,28.85,2.2,3.8,20,Normal,0,0.6,0.3,0.08,0.02,,,50001&50004,192&180,,,,,5,골드 192개 / Exp 180,50001,192,50004,180
5,15,2,21,202016,,,,2.9,28.85,2.2,3.8,20,Normal,0,0.6,0.3,0.08,0.02,,,50001&50004,192&180,,,,,5,골드 192개 / Exp 180,50001,192,50004,180
5,16,2,10,,,202018,,3.2,28,2.2,3.8,300,Boss,0,0.6,0.3,0.08,0.02,60002&60007,1&2,50001&50004,200&190,,,,,5,골드 200개 / Exp 190,50001,200,50004,190
5,17,2,21,202016,,,,2.9,30.85,2.2,3.8,20,Normal,0,0.6,0.3,0.08,0.02,,,50001&50004,208&200,,,,,5,골드 208개 / Exp 200,50001,208,50004,200
5,18,2,43,202016,,,,3.25,32.85,2.2,3.8,20,Normal,0,0.6,0.3,0.08,0.02,,,50001&50004,216&210,,,,,5,골드 216개 / Exp 210,50001,216,50004,210
5,19,2,11,202016,,,,2.95,34.85,2.2,3.8,20,Normal,0,0.6,0.3,0.08,0.02,,,50001&50004,224&220,,,,,5,골드 224개 / Exp 220,50001,224,50004,220
5,20,2,40,202016,,,,3.3,36.84,2.2,3.8,20,Normal,0,0.6,0.3,0.08,0.02,,,50001&50004,232&230,,,,,5,골드 232개 / Exp 230,50001,232,50004,230
5,21,2,34,202016,202017,,10,3,38.83,2.6,4.8,20,Normal,0,0.6,0.3,0.08,0.02,60007,1,50001&50004,240&240,,,,,5,골드 240개 / Exp 240,50001,240,50004,240
5,22,2,21,202016,,,,3.35,40.85,2.2,3.8,20,Normal,0,0.6,0.3,0.08,0.02,,,50001&50004,248&250,,,,,5,골드 248개 / Exp 250,50001,248,50004,250
5,23,2,29,202016&202019,,,,3.05,42.85,2.2,3.8,20,Normal,0,0.6,0.3,0.08,0.02,,,50001&50004,256&260,,,,,5,골드 256개 / Exp 260,50001,256,50004,260
5,24,2,30,202016&202019,,,,3.4,45.7,2.2,3.8,20,Normal,0,0.6,0.3,0.08,0.02,,,50001&50004,264&270,,,,,5,골드 264개 / Exp 270,50001,264,50004,270
5,25,2,24,202019,,,,3.1,48.56,2.2,3.8,20,Normal,0,0.6,0.3,0.08,0.02,,,50001&50004,272&280,,,,,5,골드 272개 / Exp 280,50001,272,50004,280
5,26,2,66,202016,202017,,10,3.45,51.42,2.8,5.3,20,Normal,0,0.6,0.3,0.08,0.02,60007,1,50001&50004,280&290,,,,,5,골드 280개 / Exp 290,50001,280,50004,290
5,27,2,66,202016,,,,3.15,54.26,2.2,3.8,20,Normal,0,0.6,0.3,0.08,0.02,,,50001&50004,288&300,,,,,5,골드 288개 / Exp 300,50001,288,50004,300
5,28,2,22,202016,,,,3.5,57.12,2.2,3.8,20,Normal,0,0.6,0.3,0.08,0.02,,,50001&50004,296&310,,,,,5,골드 296개 / Exp 310,50001,296,50004,310
5,29,2,61,202016,,,,3.2,59.98,2.2,3.8,20,Normal,0,0.6,0.3,0.08,0.02,,,50001&50004,304&320,,,,,5,골드 304개 / Exp 320,50001,304,50004,320
5,30,2,50,202016,,,,3.55,62.83,2.2,3.8,20,Normal,0,0.6,0.3,0.08,0.02,,,50001&50004,312&330,,,,,5,골드 312개 / Exp 330,50001,312,50004,330
5,31,2,50,202016,,,,3.25,62.83,2.2,3.8,20,Normal,0,0.6,0.3,0.08,0.02,,,50001&50004,312&330,,,,,5,골드 312개 / Exp 330,50001,312,50004,330
5,32,2,32,,,202021,,3.2,38,2.2,3.8,300,Boss,0,0.6,0.3,0.08,0.02,,,50001&50004,320&340,,,,,5,골드 320개 / Exp 340,50001,320,50004,340
6,1,2,5,202019,,,,2.5,3.72,2.5,4.5,20,Normal,0,0.82,0.15,0.03,0,,,50001&50004,108&60,,,,,6,골드 108개 / Exp 60,50001,108,50004,60
6,2,2,9,202019,,,,2.55,6.31,2.5,4.5,20,Normal,0,0.82,0.15,0.03,0,,,50001&50004,116&70,,,,,1,골드 116개 / Exp 70,50001,116,50004,70
6,3,2,7,202019,,,,2.6,8.92,2.5,4.5,20,Normal,0,0.82,0.15,0.03,0,,,50001&50004,124&80,,,,,1,골드 124개 / Exp 80,50001,124,50004,80
6,4,2,10,202019,,,,2.65,11.51,2.5,4.5,20,Normal,0,0.82,0.15,0.03,0,,,50001&50004,132&90,,,,,1,골드 132개 / Exp 90,50001,132,50004,90
6,5,2,13,202019,202020,,10,2.7,14.12,2.6,4.6,20,Normal,0,0.82,0.15,0.03,0,60007,1,50001&50004,140&100,,,,,1,골드 140개 / Exp 100,50001,140,50004,100
6,6,2,7,202019,,,,2.75,16.72,2.5,4.5,20,Normal,0,0.82,0.15,0.03,0,,,50001&50004,148&110,,,,,6,골드 148개 / Exp 110,50001,148,50004,110
6,7,2,16,202019&202022,,,,2.8,19.32,2.5,4.5,20,Normal,0,0.82,0.15,0.03,0,,,50001&50004,156&120,,,,,6,골드 156개 / Exp 120,50001,156,50004,120
6,8,2,14,202019&202022,,,,2.85,21.91,2.5,4.5,20,Normal,0,0.82,0.15,0.03,0,,,50001&50004,164&130,,,,,6,골드 164개 / Exp 130,50001,164,50004,130
6,9,2,7,202022,,,,2.9,24.51,2.5,4.5,20,Normal,0,0.82,0.15,0.03,0,,,50001&50004,172&140,,,,,,골드 172개 / Exp 140,50001,172,50004,140
6,10,2,18,202019,202020,,10,2.95,27.11,2.7,5,20,Normal,0,0.82,0.15,0.03,0,60007,1,50001&50004,180&150,,,,,6,골드 180개 / Exp 150,50001,180,50004,150
6,11,2,13,202019,,,,3,29.71,2.5,4.5,20,Normal,0,0.6,0.3,0.08,0.02,,,50001&50004,188&160,,,,,6,골드 188개 / Exp 160,50001,188,50004,160
6,12,2,10,202019,,,,3.05,32.29,2.5,4.5,20,Normal,0,0.6,0.3,0.08,0.02,,,50001&50004,196&170,,,,,6,골드 196개 / Exp 170,50001,196,50004,170
6,13,2,18,202019,,,,3.1,34.92,2.5,4.5,20,Normal,0,0.6,0.3,0.08,0.02,,,50001&50004,204&180,,,,,6,골드 204개 / Exp 180,50001,204,50004,180
6,14,2,21,202019,,,,3.15,37.51,2.5,4.5,20,Normal,0,0.6,0.3,0.08,0.02,,,50001&50004,212&190,,,,,6,골드 212개 / Exp 190,50001,212,50004,190
6,15,2,21,202019,,,,3.2,37.51,2.5,4.5,20,Normal,0,0.6,0.3,0.08,0.02,,,50001&50004,212&190,,,,,6,골드 212개 / Exp 190,50001,212,50004,190
6,16,2,10,,,202021,,3.5,35,2.5,4.5,300,Boss,0,0.6,0.3,0.08,0.02,60002&60007,1&2,50001&50004,220&200,,,,,6,골드 220개 / Exp 200,50001,220,50004,200
6,17,2,21,202019,,,,3.2,40.11,2.5,4.5,20,Normal,0,0.6,0.3,0.08,0.02,,,50001&50004,228&210,,,,,6,골드 228개 / Exp 210,50001,228,50004,210
6,18,2,43,202019,,,,3.55,42.71,2.5,4.5,20,Normal,0,0.6,0.3,0.08,0.02,,,50001&50004,236&220,,,,,6,골드 236개 / Exp 220,50001,236,50004,220
6,19,2,11,202019,,,,3.25,45.31,2.5,4.5,20,Normal,0,0.6,0.3,0.08,0.02,,,50001&50004,244&230,,,,,6,골드 244개 / Exp 230,50001,244,50004,230
6,20,2,40,202019,,,,3.6,47.89,2.5,4.5,20,Normal,0,0.6,0.3,0.08,0.02,,,50001&50004,252&240,,,,,6,골드 252개 / Exp 240,50001,252,50004,240
6,21,2,34,202019,202020,,10,3.3,50.48,2.9,5.5,20,Normal,0,0.6,0.3,0.08,0.02,60007,1,50001&50004,260&250,,,,,6,골드 260개 / Exp 250,50001,260,50004,250
6,22,2,21,202019,,,,3.65,53.11,2.5,4.5,20,Normal,0,0.6,0.3,0.08,0.02,,,50001&50004,268&260,,,,,6,골드 268개 / Exp 260,50001,268,50004,260
6,23,2,29,202019&202022,,,,3.35,55.71,2.5,4.5,20,Normal,0,0.6,0.3,0.08,0.02,,,50001&50004,276&270,,,,,6,골드 276개 / Exp 270,50001,276,50004,270
6,24,2,30,202019&202022,,,,3.7,59.41,2.5,4.5,20,Normal,0,0.6,0.3,0.08,0.02,,,50001&50004,284&280,,,,,6,골드 284개 / Exp 280,50001,284,50004,280
6,25,2,24,202022,,,,3.4,63.13,2.5,4.5,20,Normal,0,0.6,0.3,0.08,0.02,,,50001&50004,292&290,,,,,6,골드 292개 / Exp 290,50001,292,50004,290
6,26,2,66,202019,202020,,10,3.75,66.85,3.1,6,20,Normal,0,0.6,0.3,0.08,0.02,60007,1,50001&50004,300&300,,,,,6,골드 300개 / Exp 300,50001,300,50004,300
6,27,2,66,202019,,,,3.45,70.54,2.5,4.5,20,Normal,0,0.6,0.3,0.08,0.02,,,50001&50004,308&310,,,,,6,골드 308개 / Exp 310,50001,308,50004,310
6,28,2,22,202019,,,,3.8,74.26,2.5,4.5,20,Normal,0,0.6,0.3,0.08,0.02,,,50001&50004,316&320,,,,,6,골드 316개 / Exp 320,50001,316,50004,320
6,29,2,61,202019,,,,3.5,77.97,2.5,4.5,20,Normal,0,0.6,0.3,0.08,0.02,,,50001&50004,324&330,,,,,6,골드 324개 / Exp 330,50001,324,50004,330
6,30,2,50,202019,,,,3.85,81.68,2.5,4.5,20,Normal,0,0.6,0.3,0.08,0.02,,,50001&50004,332&340,,,,,6,골드 332개 / Exp 340,50001,332,50004,340
6,31,2,50,202019,,,,3.55,81.68,2.5,4.5,20,Normal,0,0.6,0.3,0.08,0.02,,,50001&50004,332&340,,,,,6,골드 332개 / Exp 340,50001,332,50004,340
6,32,2,32,,,202024,,3.5,45,2.5,4.5,300,Boss,0,0.6,0.3,0.08,0.02,,,50001&50004,340&350,,,,,6,골드 340개 / Exp 350,50001,340,50004,350
7,1,2,5,202022,,,,2.8,4.84,2.8,5.2,20,Normal,0,0.82,0.15,0.03,0,,,50001&50004,128&70,,,,,7,골드 128개 / Exp 70,50001,128,50004,70
7,2,2,9,202022,,,,2.85,8.2,2.8,5.2,20,Normal,0,0.82,0.15,0.03,0,,,50001&50004,136&80,,,,,1,골드 136개 / Exp 80,50001,136,50004,80
7,3,2,7,202022,,,,2.9,11.6,2.8,5.2,20,Normal,0,0.82,0.15,0.03,0,,,50001&50004,144&90,,,,,1,골드 144개 / Exp 90,50001,144,50004,90
7,4,2,10,202022,,,,2.95,14.96,2.8,5.2,20,Normal,0,0.82,0.15,0.03,0,,,50001&50004,152&100,,,,,1,골드 152개 / Exp 100,50001,152,50004,100
7,5,2,13,202022,202023,,10,3,18.36,2.9,5.3,20,Normal,0,0.82,0.15,0.03,0,60007,1,50001&50004,160&110,,,,,1,골드 160개 / Exp 110,50001,160,50004,110
7,6,2,7,202022,,,,3.05,21.74,2.8,5.2,20,Normal,0,0.82,0.15,0.03,0,,,50001&50004,168&120,,,,,7,골드 168개 / Exp 120,50001,168,50004,120
7,7,2,16,202022&202025,,,,3.1,25.12,2.8,5.2,20,Normal,0,0.82,0.15,0.03,0,,,50001&50004,176&130,,,,,7,골드 176개 / Exp 130,50001,176,50004,130
7,8,2,14,202022&202025,,,,3.15,28.48,2.8,5.2,20,Normal,0,0.82,0.15,0.03,0,,,50001&50004,184&140,,,,,7,골드 184개 / Exp 140,50001,184,50004,140
7,9,2,7,202025,,,,3.2,31.86,2.8,5.2,20,Normal,0,0.82,0.15,0.03,0,,,50001&50004,192&150,,,,,,골드 192개 / Exp 150,50001,192,50004,150
7,10,2,18,202022,202023,,10,3.25,35.24,3,5.7,20,Normal,0,0.82,0.15,0.03,0,60007,1,50001&50004,200&160,,,,,7,골드 200개 / Exp 160,50001,200,50004,160
7,11,2,13,202022,,,,3.3,38.62,2.8,5.2,20,Normal,0,0.6,0.3,0.08,0.02,,,50001&50004,208&170,,,,,7,골드 208개 / Exp 170,50001,208,50004,170
7,12,2,10,202022,,,,3.35,41.98,2.8,5.2,20,Normal,0,0.6,0.3,0.08,0.02,,,50001&50004,216&180,,,,,7,골드 216개 / Exp 180,50001,216,50004,180
7,13,2,18,202022,,,,3.4,45.4,2.8,5.2,20,Normal,0,0.6,0.3,0.08,0.02,,,50001&50004,224&190,,,,,7,골드 224개 / Exp 190,50001,224,50004,190
7,14,2,21,202022,,,,3.45,48.76,2.8,5.2,20,Normal,0,0.6,0.3,0.08,0.02,,,50001&50004,232&200,,,,,7,골드 232개 / Exp 200,50001,232,50004,200
7,15,2,21,202022,,,,3.5,48.76,2.8,5.2,20,Normal,0,0.6,0.3,0.08,0.02,,,50001&50004,232&200,,,,,7,골드 232개 / Exp 200,50001,232,50004,200
7,16,2,10,,,202024,,3.8,43,2.8,5.2,300,Boss,0,0.6,0.3,0.08,0.02,60002&60007,1&2,50001&50004,240&210,,,,,7,골드 240개 / Exp 210,50001,240,50004,210
7,17,2,21,202022,,,,3.5,52.14,2.8,5.2,20,Normal,0,0.6,0.3,0.08,0.02,,,50001&50004,248&220,,,,,7,골드 248개 / Exp 220,50001,248,50004,220
7,18,2,43,202022,,,,3.85,55.52,2.8,5.2,20,Normal,0,0.6,0.3,0.08,0.02,,,50001&50004,256&230,,,,,7,골드 256개 / Exp 230,50001,256,50004,230
7,19,2,11,202022,,,,3.55,58.9,2.8,5.2,20,Normal,0,0.6,0.3,0.08,0.02,,,50001&50004,264&240,,,,,7,골드 264개 / Exp 240,50001,264,50004,240
7,20,2,40,202022,,,,3.9,62.26,2.8,5.2,20,Normal,0,0.6,0.3,0.08,0.02,,,50001&50004,272&250,,,,,7,골드 272개 / Exp 250,50001,272,50004,250
7,21,2,34,202022,202023,,10,3.6,65.62,3.2,6.2,20,Normal,0,0.6,0.3,0.08,0.02,60007,1,50001&50004,280&260,,,,,7,골드 280개 / Exp 260,50001,280,50004,260
7,22,2,21,202022,,,,3.95,69.04,2.8,5.2,20,Normal,0,0.6,0.3,0.08,0.02,,,50001&50004,288&270,,,,,7,골드 288개 / Exp 270,50001,288,50004,270
7,23,2,29,202022&202025,,,,3.65,72.42,2.8,5.2,20,Normal,0,0.6,0.3,0.08,0.02,,,50001&50004,296&280,,,,,7,골드 296개 / Exp 280,50001,296,50004,280
7,24,2,30,202022&202025,,,,4,77.23,2.8,5.2,20,Normal,0,0.6,0.3,0.08,0.02,,,50001&50004,304&290,,,,,7,골드 304개 / Exp 290,50001,304,50004,290
7,25,2,24,202025,,,,3.7,82.07,2.8,5.2,20,Normal,0,0.6,0.3,0.08,0.02,,,50001&50004,312&300,,,,,7,골드 312개 / Exp 300,50001,312,50004,300
7,26,2,66,202022,202023,,10,4.05,86.91,3.4,6.7,20,Normal,0,0.6,0.3,0.08,0.02,60007,1,50001&50004,320&310,,,,,7,골드 320개 / Exp 310,50001,320,50004,310
7,27,2,66,202022,,,,3.75,91.7,2.8,5.2,20,Normal,0,0.6,0.3,0.08,0.02,,,50001&50004,328&320,,,,,7,골드 328개 / Exp 320,50001,328,50004,320
7,28,2,22,202022,,,,4.1,96.54,2.8,5.2,20,Normal,0,0.6,0.3,0.08,0.02,,,50001&50004,336&330,,,,,7,골드 336개 / Exp 330,50001,336,50004,330
7,29,2,61,202022,,,,3.8,101.36,2.8,5.2,20,Normal,0,0.6,0.3,0.08,0.02,,,50001&50004,344&340,,,,,7,골드 344개 / Exp 340,50001,344,50004,340
7,30,2,50,202022,,,,4.15,106.18,2.8,5.2,20,Normal,0,0.6,0.3,0.08,0.02,,,50001&50004,352&350,,,,,7,골드 352개 / Exp 350,50001,352,50004,350
7,31,2,50,202022,,,,3.85,106.18,2.8,5.2,20,Normal,0,0.6,0.3,0.08,0.02,,,50001&50004,352&350,,,,,7,골드 352개 / Exp 350,50001,352,50004,350
7,32,2,32,,,202027,,3.8,53,2.8,5.2,300,Boss,0,0.6,0.3,0.08,0.02,,,50001&50004,360&360,,,,,7,골드 360개 / Exp 360,50001,360,50004,360
8,1,2,5,202025,,,,3.1,6.29,3.1,5.9,20,Normal,0,0.82,0.15,0.03,0,,,50001&50004,148&80,,,,,8,골드 148개 / Exp 80,50001,148,50004,80
8,2,2,9,202025,,,,3.15,10.66,3.1,5.9,20,Normal,0,0.82,0.15,0.03,0,,,50001&50004,156&90,,,,,1,골드 156개 / Exp 90,50001,156,50004,90
8,3,2,7,202025,,,,3.2,15.08,3.1,5.9,20,Normal,0,0.82,0.15,0.03,0,,,50001&50004,164&100,,,,,1,골드 164개 / Exp 100,50001,164,50004,100
8,4,2,10,202025,,,,3.25,19.45,3.1,5.9,20,Normal,0,0.82,0.15,0.03,0,,,50001&50004,172&110,,,,,1,골드 172개 / Exp 110,50001,172,50004,110
8,5,2,13,202025,202026,,10,3.3,23.87,3.2,6,20,Normal,0,0.82,0.15,0.03,0,60007,1,50001&50004,180&120,,,,,1,골드 180개 / Exp 120,50001,180,50004,120
8,6,2,7,202025,,,,3.35,28.26,3.1,5.9,20,Normal,0,0.82,0.15,0.03,0,,,50001&50004,188&130,,,,,8,골드 188개 / Exp 130,50001,188,50004,130
8,7,2,16,202025&202028,,,,3.4,32.66,3.1,5.9,20,Normal,0,0.82,0.15,0.03,0,,,50001&50004,196&140,,,,,8,골드 196개 / Exp 140,50001,196,50004,140
8,8,2,14,202025&202028,,,,3.45,37.02,3.1,5.9,20,Normal,0,0.82,0.15,0.03,0,,,50001&50004,204&150,,,,,8,골드 204개 / Exp 150,50001,204,50004,150
8,9,2,7,202028,,,,3.5,41.42,3.1,5.9,20,Normal,0,0.82,0.15,0.03,0,,,50001&50004,212&160,,,,,,골드 212개 / Exp 160,50001,212,50004,160
8,10,2,18,202025,202026,,10,3.55,45.81,3.3,6.4,20,Normal,0,0.82,0.15,0.03,0,60007,1,50001&50004,220&170,,,,,8,골드 220개 / Exp 170,50001,220,50004,170
8,11,2,13,202025,,,,3.6,50.21,3.1,5.9,20,Normal,0,0.6,0.3,0.08,0.02,,,50001&50004,228&180,,,,,8,골드 228개 / Exp 180,50001,228,50004,180
8,12,2,10,202025,,,,3.65,54.57,3.1,5.9,20,Normal,0,0.6,0.3,0.08,0.02,,,50001&50004,236&190,,,,,8,골드 236개 / Exp 190,50001,236,50004,190
8,13,2,18,202025,,,,3.7,59.02,3.1,5.9,20,Normal,0,0.6,0.3,0.08,0.02,,,50001&50004,244&200,,,,,8,골드 244개 / Exp 200,50001,244,50004,200
8,14,2,21,202025,,,,3.75,63.39,3.1,5.9,20,Normal,0,0.6,0.3,0.08,0.02,,,50001&50004,252&210,,,,,8,골드 252개 / Exp 210,50001,252,50004,210
8,15,2,21,202025,,,,3.8,63.39,3.1,5.9,20,Normal,0,0.6,0.3,0.08,0.02,,,50001&50004,252&210,,,,,8,골드 252개 / Exp 210,50001,252,50004,210
8,16,2,10,,,202027,,4.1,52,3.1,5.9,300,Boss,0,0.6,0.3,0.08,0.02,60002&60007,1&2,50001&50004,260&220,,,,,8,골드 260개 / Exp 220,50001,260,50004,220
8,17,2,21,202025,,,,3.8,67.78,3.1,5.9,20,Normal,0,0.6,0.3,0.08,0.02,,,50001&50004,268&230,,,,,8,골드 268개 / Exp 230,50001,268,50004,230
8,18,2,43,202025,,,,4.15,72.18,3.1,5.9,20,Normal,0,0.6,0.3,0.08,0.02,,,50001&50004,276&240,,,,,8,골드 276개 / Exp 240,50001,276,50004,240
8,19,2,11,202025,,,,3.85,76.57,3.1,5.9,20,Normal,0,0.6,0.3,0.08,0.02,,,50001&50004,284&250,,,,,8,골드 284개 / Exp 250,50001,284,50004,250
8,20,2,40,202025,,,,4.2,80.94,3.1,5.9,20,Normal,0,0.6,0.3,0.08,0.02,,,50001&50004,292&260,,,,,8,골드 292개 / Exp 260,50001,292,50004,260
8,21,2,34,202025,202026,,10,3.9,85.31,3.5,6.9,20,Normal,0,0.6,0.3,0.08,0.02,60007,1,50001&50004,300&270,,,,,8,골드 300개 / Exp 270,50001,300,50004,270
8,22,2,21,202025,,,,4.25,89.75,3.1,5.9,20,Normal,0,0.6,0.3,0.08,0.02,,,50001&50004,308&280,,,,,8,골드 308개 / Exp 280,50001,308,50004,280
8,23,2,29,202025&202028,,,,3.95,94.15,3.1,5.9,20,Normal,0,0.6,0.3,0.08,0.02,,,50001&50004,316&290,,,,,8,골드 316개 / Exp 290,50001,316,50004,290
8,24,2,30,202025&202028,,,,4.3,100.4,3.1,5.9,20,Normal,0,0.6,0.3,0.08,0.02,,,50001&50004,324&300,,,,,8,골드 324개 / Exp 300,50001,324,50004,300
8,25,2,24,202028,,,,4,106.69,3.1,5.9,20,Normal,0,0.6,0.3,0.08,0.02,,,50001&50004,332&310,,,,,8,골드 332개 / Exp 310,50001,332,50004,310
8,26,2,66,202025,202026,,10,4.35,112.98,3.7,7.4,20,Normal,0,0.6,0.3,0.08,0.02,60007,1,50001&50004,340&320,,,,,8,골드 340개 / Exp 320,50001,340,50004,320
8,27,2,66,202025,,,,4.05,119.21,3.1,5.9,20,Normal,0,0.6,0.3,0.08,0.02,,,50001&50004,348&330,,,,,8,골드 348개 / Exp 330,50001,348,50004,330
8,28,2,22,202025,,,,4.4,125.5,3.1,5.9,20,Normal,0,0.6,0.3,0.08,0.02,,,50001&50004,356&340,,,,,8,골드 356개 / Exp 340,50001,356,50004,340
8,29,2,61,202025,,,,4.1,131.77,3.1,5.9,20,Normal,0,0.6,0.3,0.08,0.02,,,50001&50004,364&350,,,,,8,골드 364개 / Exp 350,50001,364,50004,350
8,30,2,50,202025,,,,4.45,138.03,3.1,5.9,20,Normal,0,0.6,0.3,0.08,0.02,,,50001&50004,372&360,,,,,8,골드 372개 / Exp 360,50001,372,50004,360
8,31,2,50,202025,,,,4.15,138.03,3.1,5.9,20,Normal,0,0.6,0.3,0.08,0.02,,,50001&50004,372&360,,,,,8,골드 372개 / Exp 360,50001,372,50004,360
8,32,2,32,,,202003,,4.1,62,3.1,5.9,300,Boss,0,0.6,0.3,0.08,0.02,,,50001&50004,380&370,,,,,8,골드 380개 / Exp 370,50001,380,50004,370
9,1,2,5,202001,,,,3.4,8.18,3.4,6.6,20,Normal,0,0.82,0.15,0.03,0,,,50001&50004,168&90,,,,,9,골드 168개 / Exp 90,50001,168,50004,90
9,2,2,9,202001,,,,3.45,13.86,3.4,6.6,20,Normal,0,0.82,0.15,0.03,0,,,50001&50004,176&100,,,,,1,골드 176개 / Exp 100,50001,176,50004,100
9,3,2,7,202001,,,,3.5,19.6,3.4,6.6,20,Normal,0,0.82,0.15,0.03,0,,,50001&50004,184&110,,,,,1,골드 184개 / Exp 110,50001,184,50004,110
9,4,2,10,202001,,,,3.55,25.29,3.4,6.6,20,Normal,0,0.82,0.15,0.03,0,,,50001&50004,192&120,,,,,1,골드 192개 / Exp 120,50001,192,50004,120
9,5,2,13,202001,202002,,10,3.6,31.03,3.5,6.7,20,Normal,0,0.82,0.15,0.03,0,60007,1,50001&50004,200&130,,,,,1,골드 200개 / Exp 130,50001,200,50004,130
9,6,2,7,202001,,,,3.65,36.74,3.4,6.6,20,Normal,0,0.82,0.15,0.03,0,,,50001&50004,208&140,,,,,9,골드 208개 / Exp 140,50001,208,50004,140
9,7,2,16,202001&202004,,,,3.7,42.46,3.4,6.6,20,Normal,0,0.82,0.15,0.03,0,,,50001&50004,216&150,,,,,9,골드 216개 / Exp 150,50001,216,50004,150
9,8,2,14,202001&202004,,,,3.75,48.13,3.4,6.6,20,Normal,0,0.82,0.15,0.03,0,,,50001&50004,224&160,,,,,9,골드 224개 / Exp 160,50001,224,50004,160
9,9,2,7,202004,,,,3.8,53.85,3.4,6.6,20,Normal,0,0.82,0.15,0.03,0,,,50001&50004,232&170,,,,,,골드 232개 / Exp 170,50001,232,50004,170
9,10,2,18,202001,202002,,10,3.85,59.55,3.6,7.1,20,Normal,0,0.82,0.15,0.03,0,60007,1,50001&50004,240&180,,,,,9,골드 240개 / Exp 180,50001,240,50004,180
9,11,2,13,202001,,,,3.9,65.27,3.4,6.6,20,Normal,0,0.6,0.3,0.08,0.02,,,50001&50004,248&190,,,,,9,골드 248개 / Exp 190,50001,248,50004,190
9,12,2,10,202001,,,,3.95,70.94,3.4,6.6,20,Normal,0,0.6,0.3,0.08,0.02,,,50001&50004,256&200,,,,,9,골드 256개 / Exp 200,50001,256,50004,200
9,13,2,18,202001,,,,4,76.73,3.4,6.6,20,Normal,0,0.6,0.3,0.08,0.02,,,50001&50004,264&210,,,,,9,골드 264개 / Exp 210,50001,264,50004,210
9,14,2,21,202001,,,,4.05,82.41,3.4,6.6,20,Normal,0,0.6,0.3,0.08,0.02,,,50001&50004,272&220,,,,,9,골드 272개 / Exp 220,50001,272,50004,220
9,15,2,21,202001,,,,4.1,82.41,3.4,6.6,20,Normal,0,0.6,0.3,0.08,0.02,,,50001&50004,272&220,,,,,9,골드 272개 / Exp 220,50001,272,50004,220
9,16,2,10,,,202003,,4.4,62,3.4,6.6,300,Boss,0,0.6,0.3,0.08,0.02,60002&60007,1&2,50001&50004,280&230,,,,,9,골드 280개 / Exp 230,50001,280,50004,230
9,17,2,21,202001,,,,4.1,88.11,3.4,6.6,20,Normal,0,0.6,0.3,0.08,0.02,,,50001&50004,288&240,,,,,9,골드 288개 / Exp 240,50001,288,50004,240
9,18,2,43,202001,,,,4.45,93.83,3.4,6.6,20,Normal,0,0.6,0.3,0.08,0.02,,,50001&50004,296&250,,,,,9,골드 296개 / Exp 250,50001,296,50004,250
9,19,2,11,202001,,,,4.15,99.54,3.4,6.6,20,Normal,0,0.6,0.3,0.08,0.02,,,50001&50004,304&260,,,,,9,골드 304개 / Exp 260,50001,304,50004,260
9,20,2,40,202001,,,,4.5,105.22,3.4,6.6,20,Normal,0,0.6,0.3,0.08,0.02,,,50001&50004,312&270,,,,,9,골드 312개 / Exp 270,50001,312,50004,270
9,21,2,34,202001,202002,,10,4.2,110.9,3.8,7.6,20,Normal,0,0.6,0.3,0.08,0.02,60007,1,50001&50004,320&280,,,,,9,골드 320개 / Exp 280,50001,320,50004,280
9,22,2,21,202001,,,,4.55,116.68,3.4,6.6,20,Normal,0,0.6,0.3,0.08,0.02,,,50001&50004,328&290,,,,,9,골드 328개 / Exp 290,50001,328,50004,290
9,23,2,29,202001&202004,,,,4.25,122.4,3.4,6.6,20,Normal,0,0.6,0.3,0.08,0.02,,,50001&50004,336&300,,,,,9,골드 336개 / Exp 300,50001,336,50004,300
9,24,2,30,202001&202004,,,,4.6,130.52,3.4,6.6,20,Normal,0,0.6,0.3,0.08,0.02,,,50001&50004,344&310,,,,,9,골드 344개 / Exp 310,50001,344,50004,310
9,25,2,24,202004,,,,4.3,138.7,3.4,6.6,20,Normal,0,0.6,0.3,0.08,0.02,,,50001&50004,352&320,,,,,9,골드 352개 / Exp 320,50001,352,50004,320
9,26,2,66,202001,202002,,10,4.65,146.87,4,8.1,20,Normal,0,0.6,0.3,0.08,0.02,60007,1,50001&50004,360&330,,,,,9,골드 360개 / Exp 330,50001,360,50004,330
9,27,2,66,202001,,,,4.35,154.97,3.4,6.6,20,Normal,0,0.6,0.3,0.08,0.02,,,50001&50004,368&340,,,,,9,골드 368개 / Exp 340,50001,368,50004,340
9,28,2,22,202001,,,,4.7,163.15,3.4,6.6,20,Normal,0,0.6,0.3,0.08,0.02,,,50001&50004,376&350,,,,,9,골드 376개 / Exp 350,50001,376,50004,350
9,29,2,61,202001,,,,4.4,171.3,3.4,6.6,20,Normal,0,0.6,0.3,0.08,0.02,,,50001&50004,384&360,,,,,9,골드 384개 / Exp 360,50001,384,50004,360
9,30,2,50,202001,,,,4.75,179.44,3.4,6.6,20,Normal,0,0.6,0.3,0.08,0.02,,,50001&50004,392&370,,,,,9,골드 392개 / Exp 370,50001,392,50004,370
9,31,2,50,202001,,,,4.45,179.44,3.4,6.6,20,Normal,0,0.6,0.3,0.08,0.02,,,50001&50004,392&370,,,,,9,골드 392개 / Exp 370,50001,392,50004,370
9,32,2,32,,,202006,,4.4,72,3.4,6.6,300,Boss,0,0.6,0.3,0.08,0.02,,,50001&50004,400&380,,,,,9,골드 400개 / Exp 380,50001,400,50004,380